{"cameraMode":{"drawMode":0,"name":"Shaded","section":"Shading Mode"},"sceneLighting":true,"audioPlay":false,"sceneViewState":{"m_AlwaysRefresh":false,"showFog":true,"showSkybox":true,"showFlares":true,"showImageEffects":true,"showParticleSystems":true,"showVisualEffectGraphs":true,"m_FxEnabled":true},"in2DMode":false,"pivot":{"x":1.4141454696655274,"y":3.500964879989624,"z":8.154128074645996},"rotation":{"x":0.10011405497789383,"y":0.6965144276618958,"z":-0.09906822443008423,"w":0.7036295533180237},"size":3.6345033645629885,"orthographic":false}