{"cameraMode":{"drawMode":0,"name":"Shaded","section":"Shading Mode"},"sceneLighting":true,"audioPlay":false,"sceneViewState":{"m_AlwaysRefresh":false,"showFog":true,"showSkybox":true,"showFlares":true,"showImageEffects":true,"showParticleSystems":true,"showVisualEffectGraphs":true,"m_FxEnabled":true},"in2DMode":false,"pivot":{"x":-7.280971527099609,"y":0.9185634255409241,"z":14.296552658081055},"rotation":{"x":0.0006755483336746693,"y":-0.9926963448524475,"z":0.009298538789153099,"w":0.12158811092376709},"size":4.232482433319092,"orthographic":false}