{"cameraMode":{"drawMode":0,"name":"Shaded","section":"Shading Mode"},"sceneLighting":false,"audioPlay":false,"sceneViewState":{"m_AlwaysRefresh":false,"showFog":true,"showSkybox":false,"showFlares":true,"showImageEffects":true,"showParticleSystems":true,"showVisualEffectGraphs":true,"m_FxEnabled":true},"in2DMode":false,"pivot":{"x":-1.278220534324646,"y":1.3203321695327759,"z":3.1937642097473146},"rotation":{"x":0.06085360422730446,"y":0.922279953956604,"z":-0.16240988671779633,"w":0.34555336833000185},"size":1.0283915996551514,"orthographic":false}