{"cameraMode":{"drawMode":0,"name":"Shaded","section":"Shading Mode"},"sceneLighting":false,"audioPlay":false,"sceneViewState":{"m_AlwaysRefresh":false,"showFog":true,"showSkybox":false,"showFlares":true,"showImageEffects":true,"showParticleSystems":true,"showVisualEffectGraphs":true,"m_FxEnabled":true},"in2DMode":false,"pivot":{"x":-0.4267973303794861,"y":1.8029760122299195,"z":3.574080467224121},"rotation":{"x":-0.00005003694604965858,"y":0.9905321002006531,"z":-0.0003060483722947538,"w":-0.13758417963981629},"size":1.1275913715362549,"orthographic":false}