{"cameraMode":{"drawMode":0,"name":"Shaded","section":"Shading Mode"},"sceneLighting":false,"audioPlay":false,"sceneViewState":{"m_AlwaysRefresh":false,"showFog":true,"showSkybox":false,"showFlares":true,"showImageEffects":true,"showParticleSystems":true,"showVisualEffectGraphs":true,"m_FxEnabled":true},"in2DMode":false,"pivot":{"x":1.0135812759399415,"y":0.9556834697723389,"z":3.7929768562316896},"rotation":{"x":0.13700653612613679,"y":0.7642724514007568,"z":-0.1727609932422638,"w":0.6061007380485535},"size":1.4624762535095215,"orthographic":false}