{"cameraMode":{"drawMode":0,"name":"Shaded","section":"Shading Mode"},"sceneLighting":false,"audioPlay":false,"sceneViewState":{"m_AlwaysRefresh":false,"showFog":true,"showSkybox":false,"showFlares":true,"showImageEffects":true,"showParticleSystems":true,"showVisualEffectGraphs":true,"m_FxEnabled":true},"in2DMode":false,"pivot":{"x":-5.6651105880737309,"y":2.920109272003174,"z":2.6162590980529787},"rotation":{"x":-0.022178707644343377,"y":0.03030320070683956,"z":0.0006685742409899831,"w":0.9993394613265991},"size":1.4515851736068726,"orthographic":false}