{"cameraMode":{"drawMode":0,"name":"Shaded","section":"Shading Mode"},"sceneLighting":false,"audioPlay":false,"sceneViewState":{"m_AlwaysRefresh":false,"showFog":true,"showSkybox":false,"showFlares":true,"showImageEffects":true,"showParticleSystems":true,"showVisualEffectGraphs":true,"m_FxEnabled":true},"in2DMode":false,"pivot":{"x":2.3103301525115969,"y":1.2991955280303956,"z":7.043174743652344},"rotation":{"x":-0.044864922761917117,"y":-0.5883061289787293,"z":-0.03211149200797081,"w":0.8069556951522827},"size":0.9690304398536682,"orthographic":false}